SV-0001,2014-02-20 08:02:10,MK0001,PG0001,2014-04-20 08:02:10
SV-0002,2014-02-21 08:12:10,MK0002,PG0002,2014-04-21 08:02:10
SV-0003,2014-02-22 08:22:10,MK0003,PG0003,2014-04-22 08:02:10
SV-0004,2014-02-23 08:32:10,MK0004,PG0004,2014-04-23 08:02:10
SV-0005,2014-02-24 08:42:10,MK0005,PG0005,2014-04-24 08:02:10
SV-0006,2014-02-24 08:42:10,MK0001,PG0001,2014-04-30 08:02:10
SV-0007,2014-02-25 08:42:10,MK0002,PG0002,2014-04-25 08:02:10
SV-0008,2014-02-26 08:42:10,MK0003,PG0003,2014-04-26 08:02:10
SV-0009,2014-02-27 08:42:10,MK0004,PG0004,2014-04-27 08:02:10
SV-0010,2014-02-28 08:42:10,MK0005,PG0005,2014-04-28 08:02:10
